-- phpMyAdmin SQL Dump
-- version 3.4.5
-- http://www.phpmyadmin.net
--
-- Host: localhost
-- Generation Time: Aug 14, 2017 at 08:34 PM
-- Server version: 5.5.16
-- PHP Version: 5.3.8

SET SQL_MODE="NO_AUTO_VALUE_ON_ZERO";
SET time_zone = "+00:00";


/*!40101 SET @OLD_CHARACTER_SET_CLIENT=@@CHARACTER_SET_CLIENT */;
/*!40101 SET @OLD_CHARACTER_SET_RESULTS=@@CHARACTER_SET_RESULTS */;
/*!40101 SET @OLD_COLLATION_CONNECTION=@@COLLATION_CONNECTION */;
/*!40101 SET NAMES utf8 */;

--
-- Database: `db_lubadajaya`
--

-- --------------------------------------------------------

--
-- Table structure for table `tb_barang`
--

CREATE TABLE IF NOT EXISTS `tb_barang` (
  `ID_BARANG` char(13) NOT NULL,
  `ID_KATEGORI` char(5) NOT NULL,
  `NAMA_BARANG` varchar(40) NOT NULL,
  `HARGA_BELI` double NOT NULL,
  `HARGA_JUAL` double NOT NULL,
  `STOK` int(5) NOT NULL,
  `DESKRIPSI` text NOT NULL,
  PRIMARY KEY (`ID_BARANG`,`ID_KATEGORI`),
  KEY `ID_KATEGORI` (`ID_KATEGORI`)
) ENGINE=InnoDB DEFAULT CHARSET=latin1;

--
-- Dumping data for table `tb_barang`
--

INSERT INTO `tb_barang` (`ID_BARANG`, `ID_KATEGORI`, `NAMA_BARANG`, `HARGA_BELI`, `HARGA_JUAL`, `STOK`, `DESKRIPSI`) VALUES
('4711036014003', 'K0006', 'HATARI COCONUT B', 23000, 28000, 8, 'ASW'),
('4970129727019', 'K0001', 'ASUS X3 MI', 3400000, 4000000, 10, 'RA 2GB'),
('8806085684324', 'K0001', 'ASUS X45C', 4500000, 5000000, 5, 'RAM 2GB'),
('8991001502254', 'K0008', 'SPEAKER AM4BIT', 500000, 600000, 10, ''),
('8992761145019', 'K0001', 'TOSHIBA AC2', 500000000, 600000000, 10, ''),
('8992761145033', 'K0005', 'SANKEN W22', 3000000, 3500000, 5, ''),
('8992802240093', 'K0001', 'TOSHIBA C3 64 BIT', 3000000, 3500000, 8, ''),
('9090345654674', 'K0007', 'EPSON H18U', 500000, 550000, 10, 'COLOR BLACK\nSCANER PRINT\nSIZE 50X30 CM\n'),
('KB-0001', 'K0001', 'ASUS X450CA-WX110D', 4000000, 4400000, 9, 'Intel Core i3 3217UM-1.8ghz,\nRAM 2GB,\nHDD 500GB,\nVGA Intel HD 4000-768MB,\n'),
('KB-0002', 'K0001', 'DELL INSPIRON N3421', 4000000, 4330000, 10, 'Intel Core i3 2365 1.4ghz,\n2GB,\n320GB,\n14.1" WXGA,\nIntel GMA,\nBluetooth,\nWIFI, Camera'),
('KB-0003', 'K0001', 'FUJITSU  LH522-E2', 3720000, 4000000, 10, 'AMD E2 1800,\n2GB DDR3,\n320GB,\nNO OPTICAL DRIVE,\nWIFI, BLUTOOTH'),
('KB-0004', 'K0001', 'HP G1-94A', 4000000, 4390000, 8, 'INTEL CORE i3 3110M-2.4GHZ,\nRAM 2GB,\nHDD 500GB,\nDVD/RW,\nVGA INTEL HD4000, \nSCREEN 14" WIDE LED,\nDOS'),
('KB-0005', 'K0002', 'SHARP AQUOS 24 IN', 1500000, 1700000, 5, 'LED,\n24 INCH,\n1366 X 768,\nLED BLACKLIGHT YA,\nHDMI 1X,\nBERAT 2.9G'),
('KB-0006', 'K0002', 'POLYTRON 32 IN', 2000000, 2290000, 6, 'LED,\nUKURAN LAYAR 32,\nRESOLUSI 1366X768\n3D YA,\nLED BLACKLIGHT YA,\nCONTRAS RATIO 3000:1,\nDINAMIC CONTRAS RATIO,\nBRIGHTNES 350 CD/M2\nRESPONSE TIME 6.5MS'),
('KB-0007', 'K0004', 'COSMOS 16-SN', 130000, 159000, 9, 'TIPE LANTAI,\nDIMENSI 400 MM'),
('KB-0008', 'K0004', 'SEKAI IST 1851', 290000, 400000, 6, 'TIPE LANTAI,\nDIMENSI 45 MM'),
('KB-0009', 'K0006', 'SAMSUNG WA70H4000', 2000000, 2299000, 10, 'TOP LOAD,\nPENGGUNAAN DAYA LISTRIK'),
('KB-0010', 'K0006', 'LG TS81V', 1800000, 1980000, 10, 'TIPE TOP LOADE,\nDIMENSI (W X D X H): 540 X 540 X 91 ,\nBERAT 31 KG,\nKAPASITAS 8KG,\nPENGGUNAAN DAYA LISTRIK 480 WATT'),
('KB-0011', 'K0006', 'SAMSUNG M34', 3000000, 3300000, 5, 'TIPE FRONT LOAD,\nDIMENSI 598 X 846 X 473,\nBERAT 55KG,\nKAPASITAS 6.1 KG'),
('KB-0012', 'K0007', 'HP LATEX 370', 570000, 650000, 10, 'OMAS, \nINK COLLECTOR,\nHP CUSTOM SUBTRATE'),
('KB-0013', 'K0001', 'ACER ASPIRE E1-422', 5600000, 5900000, 15, 'AMD A6 5200M 2.0GHZ,\n14 INCH HD ACER CINE CRISTALE,\n2GB DD R3,\n500GB,\nAMD RADEON ,\nHD  8400'),
('KB-0014', 'K0001', 'ACER SONIC EW56CC', 4599000, 4800000, 12, 'INTEL 29 55U 1.4GHZ,\n14 INCH HD ACER CINE CRISTALE,\n2GB DDR3,\n500GB,\nINTEL HD,\nDVD RW'),
('KB-0015', 'K0001', 'LENOVO B490-8053', 4650000, 4800000, 10, 'CORE I3 3110M 2.4GHZ,\n2GB,\nDDR 3,\n500 GB,\nDVDRW,\nWIFI,\nBLUTOOTH,\n14 INCH WXGA,\nNVIDIA GIFORCE,\nGT 705M 1GB'),
('KB-0016', 'K0001', 'LENOVO S405', 4700000, 4900000, 9, 'AMD A8 4555M 1.6GHZ,\n4GB DDR 3, \n500GB, NO OPTICAL DRIVE,\nWIFI,\nBLUETOOTH,\n14 INCH WXGA,\nCAMERA, DOS'),
('KB-0017', 'K0010', 'HITACHI', 80000, 90000, 17, ''),
('KB-0018', 'K0001', 'TOSHIBA 46M', 3000000, 3500000, 6, ''),
('KB-0019', 'K0001', 'AXIOO M3 X1', 2000000, 2300000, 6, ''),
('KB-0020', 'K0002', 'POLYTRON 24INCH AC', 1700000, 2000000, 5, ''),
('KB-0021', 'K0007', 'LG 45WQ', 400000, 450000, 7, ''),
('KB-0022', 'K0011', 'OPPO A3W', 2100000, 2300000, 4, ''),
('KB-0023', 'K0011', 'OPPO J1', 1500000, 1700000, 5, ''),
('KB-0024', 'K0011', 'NOKIA LUMIA M3', 1400000, 1600000, 5, ''),
('KB-0025', 'K0003', 'RADIO AMI', 500000, 5500000, 10, ''),
('KB-0026', 'K0011', 'XIAOMI REDMI 3 PRO', 1500000, 1700000, 7, 'RAM 3GB\nLAYAR 5 CH\nBATRE 2400 MAH'),
('KB-0027', 'K0001', 'XIOMI QUADCORE 4CS', 500000000, 999999999, 110, ''),
('KB-0028', 'K0001', 'DELL Q-01', 300000000, 350000000, 110, '');

-- --------------------------------------------------------

--
-- Table structure for table `tb_detail_pembelian`
--

CREATE TABLE IF NOT EXISTS `tb_detail_pembelian` (
  `NO_TRANS_PEMBELIAN` int(11) NOT NULL AUTO_INCREMENT,
  `NO_FAKTUR_PEMBELIAN` char(14) NOT NULL,
  `ID_BARANG` char(13) NOT NULL,
  `HARGA_BELI` double NOT NULL,
  `JUMLAH_BARANG` int(4) NOT NULL,
  `SUBTOTAL` double NOT NULL,
  PRIMARY KEY (`NO_TRANS_PEMBELIAN`,`NO_FAKTUR_PEMBELIAN`,`ID_BARANG`),
  KEY `ID_BARANG` (`ID_BARANG`),
  KEY `NO_FAKTUR_PEMBELIAN` (`NO_FAKTUR_PEMBELIAN`)
) ENGINE=InnoDB  DEFAULT CHARSET=latin1 AUTO_INCREMENT=102 ;

--
-- Dumping data for table `tb_detail_pembelian`
--

INSERT INTO `tb_detail_pembelian` (`NO_TRANS_PEMBELIAN`, `NO_FAKTUR_PEMBELIAN`, `ID_BARANG`, `HARGA_BELI`, `JUMLAH_BARANG`, `SUBTOTAL`) VALUES
(8, 'FK-260717-0001', 'KB-0013', 5600000, 5, 28000000),
(9, 'FK-260717-0001', 'KB-0014', 4599000, 5, 22995000),
(10, 'FK-260717-0002', 'KB-0001', 4000000, 5, 20000000),
(11, 'FK-260717-0002', 'KB-0019', 2000000, 5, 10000000),
(12, 'FK-260717-0003', 'KB-0002', 4000000, 5, 20000000),
(13, 'FK-260717-0003', 'KB-0003', 3720000, 5, 18600000),
(14, 'FK-260717-0004', 'KB-0004', 4000000, 5, 20000000),
(15, 'FK-260717-0004', 'KB-0015', 4650000, 5, 23250000),
(16, 'FK-260717-0005', 'KB-0016', 4700000, 5, 23500000),
(17, 'FK-260717-0005', 'KB-0018', 3000000, 5, 15000000),
(18, 'FK-260717-0006', 'KB-0013', 5600000, 2, 11200000),
(19, 'FK-260717-0006', 'KB-0014', 4599000, 2, 9198000),
(20, 'FK-260717-0006', 'KB-0001', 4000000, 2, 8000000),
(21, 'FK-260717-0006', 'KB-0019', 2000000, 2, 4000000),
(22, 'FK-260717-0006', 'KB-0002', 4000000, 2, 8000000),
(23, 'FK-260717-0006', 'KB-0003', 3720000, 2, 7440000),
(24, 'FK-260717-0006', 'KB-0004', 4000000, 2, 8000000),
(25, 'FK-260717-0006', 'KB-0015', 4650000, 2, 9300000),
(26, 'FK-260717-0006', 'KB-0016', 4700000, 2, 9400000),
(27, 'FK-260717-0006', 'KB-0018', 3000000, 2, 6000000),
(28, 'FK-260717-0007', 'KB-0020', 1700000, 4, 6800000),
(29, 'FK-260717-0007', 'KB-0006', 2000000, 4, 8000000),
(30, 'FK-260717-0007', 'KB-0005', 1500000, 4, 6000000),
(31, 'FK-260717-0008', 'KB-0020', 1700000, 2, 3400000),
(32, 'FK-260717-0008', 'KB-0006', 2000000, 2, 4000000),
(33, 'FK-260717-0009', 'KB-0005', 1500000, 5, 7500000),
(34, 'FK-260717-0010', 'KB-0020', 1700000, 4, 6800000),
(35, 'FK-260717-0010', 'KB-0006', 2000000, 4, 8000000),
(36, 'FK-260717-0010', 'KB-0005', 1500000, 1, 1500000),
(37, 'FK-260717-0011', 'KB-0025', 500000, 2, 1000000),
(38, 'FK-260717-0012', 'KB-0025', 500000, 4, 2000000),
(39, 'FK-260717-0013', 'KB-0025', 500000, 4, 2000000),
(40, 'FK-260717-0014', 'KB-0025', 500000, 5, 2500000),
(41, 'FK-260717-0015', 'KB-0012', 570000, 5, 2850000),
(42, 'FK-260717-0016', 'KB-0021', 400000, 5, 2000000),
(43, 'FK-260717-0017', 'KB-0012', 570000, 5, 2850000),
(44, 'FK-260717-0017', 'KB-0021', 400000, 5, 2000000),
(45, 'FK-260717-0018', 'KB-0007', 130000, 4, 520000),
(46, 'FK-260717-0018', 'KB-0008', 290000, 4, 1160000),
(47, 'FK-260717-0019', 'KB-0007', 130000, 1, 130000),
(48, 'FK-260717-0019', 'KB-0008', 290000, 1, 290000),
(49, 'FK-260717-0020', 'KB-0007', 130000, 5, 650000),
(50, 'FK-260717-0020', 'KB-0008', 290000, 5, 1450000),
(51, 'FK-260717-0021', 'KB-0024', 1400000, 5, 7000000),
(52, 'FK-260717-0021', 'KB-0022', 2100000, 5, 10500000),
(53, 'FK-260717-0021', 'KB-0023', 1500000, 5, 7500000),
(54, 'FK-260717-0022', 'KB-0024', 1400000, 2, 2800000),
(55, 'FK-260717-0022', 'KB-0022', 2100000, 2, 4200000),
(56, 'FK-260717-0022', 'KB-0023', 1500000, 2, 3000000),
(57, 'FK-260717-0023', 'KB-0024', 1400000, 10, 14000000),
(58, 'FK-260717-0023', 'KB-0022', 2100000, 10, 21000000),
(59, 'FK-260717-0023', 'KB-0023', 1500000, 10, 15000000),
(60, 'FK-260717-0024', 'KB-0017', 80000, 20, 1600000),
(61, 'FK-260717-0025', 'KB-0010', 1800000, 5, 9000000),
(62, 'FK-260717-0025', 'KB-0026', 1500000, 5, 7500000),
(63, 'FK-260717-0026', 'KB-0014', 4599000, 10, 45990000),
(64, 'FK-260717-0026', 'KB-0001', 4000000, 10, 40000000),
(65, 'FK-260717-0026', 'KB-0013', 5600000, 10, 56000000),
(66, 'FK-260717-0027', 'KB-0019', 2000000, 3, 6000000),
(67, 'FK-260717-0027', 'KB-0002', 4000000, 3, 12000000),
(68, 'FK-260717-0027', 'KB-0003', 3720000, 3, 11160000),
(69, 'FK-260717-0027', 'KB-0004', 4000000, 3, 12000000),
(70, 'FK-260717-0027', 'KB-0015', 4650000, 3, 13950000),
(71, 'FK-260717-0027', 'KB-0016', 4700000, 3, 14100000),
(72, 'FK-290717-0028', 'KB-0028', 300000000, 11, 3300000000),
(73, 'FK-290717-0028', 'KB-0027', 500000000, 12, 6000000000),
(74, 'FK-290717-0028', 'KB-0019', 2000000, 3, 6000000),
(75, 'FK-290717-0028', 'KB-0007', 130000, 3, 390000),
(76, 'FK-300717-0029', '4711036014003', 23000, 10, 230000),
(77, 'FK-300717-0030', '9090345654674', 500000, 10, 5000000),
(78, 'FK-310717-0031', '8992802240093', 3000000, 10, 30000000),
(79, 'FK-310717-0031', 'KB-0024', 1400000, 10, 14000000),
(80, 'FK-310717-0032', 'KB-0021', 400000, 10, 4000000),
(81, 'FK-310717-0032', 'KB-0013', 5600000, 10, 56000000),
(82, 'FK-310717-0032', 'KB-0011', 3000000, 5, 15000000),
(83, 'FK-310717-0032', 'KB-0009', 2000000, 10, 20000000),
(84, 'FK-040817-0033', 'KB-0014', 4599000, 1, 4599000),
(85, 'FK-040817-0033', 'KB-0007', 130000, 2, 260000),
(86, 'FK-040817-0033', 'KB-0002', 4000000, 1, 4000000),
(87, 'FK-040817-0033', '4711036014003', 23000, 5, 115000),
(88, 'FK-040817-0033', 'KB-0003', 3720000, 4, 14880000),
(89, 'FK-040817-0034', 'KB-0023', 1500000, 7, 10500000),
(90, 'FK-040817-0034', 'KB-0006', 2000000, 1, 2000000),
(91, 'FK-040817-0035', '4970129727019', 3400000, 10, 34000000),
(92, 'FK-070817-0036', 'KB-0026', 1500000, 5, 7500000),
(93, 'FK-070817-0036', 'KB-0010', 1800000, 10, 18000000),
(94, 'FK-070817-0037', 'KB-0013', 5600000, 5, 28000000),
(95, 'FK-070817-0037', 'KB-0014', 4599000, 2, 9198000),
(96, 'FK-070817-0037', 'KB-0012', 570000, 10, 5700000),
(97, 'FK-070817-0037', 'KB-0022', 2100000, 7, 14700000),
(98, 'FK-080817-0038', '8806085684324', 4500000, 10, 45000000),
(99, 'FK-120817-0039', '4970129727019', 3400000, 5, 17000000),
(100, 'FK-120817-0039', '8806085684324', 4500000, 3, 13500000),
(101, 'FK-120817-0039', '9090345654674', 500000, 6, 3000000);

-- --------------------------------------------------------

--
-- Table structure for table `tb_detail_penjualan`
--

CREATE TABLE IF NOT EXISTS `tb_detail_penjualan` (
  `NO_TRANS_PENJUALAN` int(11) NOT NULL AUTO_INCREMENT,
  `NO_FAKTUR_PENJUALAN` char(16) NOT NULL,
  `ID_BARANG` char(13) NOT NULL,
  `HARGA_BELI` double NOT NULL,
  `HARGA_JUAL` double NOT NULL,
  `JUMLAH_BARANG` int(4) NOT NULL,
  `SUBTOTAL` double NOT NULL,
  PRIMARY KEY (`NO_TRANS_PENJUALAN`,`NO_FAKTUR_PENJUALAN`,`ID_BARANG`),
  KEY `ID_BARANG` (`ID_BARANG`),
  KEY `NO_FAKTUR_PENJUALAN` (`NO_FAKTUR_PENJUALAN`)
) ENGINE=InnoDB  DEFAULT CHARSET=latin1 AUTO_INCREMENT=135 ;

--
-- Dumping data for table `tb_detail_penjualan`
--

INSERT INTO `tb_detail_penjualan` (`NO_TRANS_PENJUALAN`, `NO_FAKTUR_PENJUALAN`, `ID_BARANG`, `HARGA_BELI`, `HARGA_JUAL`, `JUMLAH_BARANG`, `SUBTOTAL`) VALUES
(1, 'FK-260717-000001', 'KB-0013', 5600000, 6000000, 1, 6000000),
(2, 'FK-260717-000002', 'KB-0014', 4599000, 4800000, 1, 4800000),
(3, 'FK-260717-000003', 'KB-0001', 4000000, 4400000, 1, 4400000),
(4, 'FK-260717-000004', 'KB-0013', 5600000, 6000000, 1, 6000000),
(5, 'FK-260717-000004', 'KB-0014', 4599000, 4800000, 1, 4800000),
(6, 'FK-260717-000004', 'KB-0001', 4000000, 4400000, 1, 4400000),
(7, 'FK-260717-000005', 'KB-0019', 2000000, 2300000, 1, 2300000),
(8, 'FK-260717-000005', 'KB-0012', 570000, 650000, 1, 650000),
(9, 'FK-260717-000006', 'KB-0007', 130000, 159000, 1, 159000),
(10, 'FK-260717-000006', 'KB-0008', 290000, 400000, 1, 400000),
(11, 'FK-260717-000007', 'KB-0007', 130000, 159000, 1, 159000),
(12, 'FK-260717-000007', 'KB-0008', 290000, 400000, 1, 400000),
(13, 'FK-260717-000008', 'KB-0020', 1700000, 2000000, 1, 2000000),
(14, 'FK-260717-000008', 'KB-0006', 2000000, 2290000, 1, 2290000),
(15, 'FK-260717-000008', 'KB-0005', 1500000, 1700000, 1, 1700000),
(16, 'FK-260717-000009', 'KB-0005', 1500000, 1700000, 1, 1700000),
(17, 'FK-260717-000009', 'KB-0020', 1700000, 2000000, 2, 4000000),
(18, 'FK-260717-000009', 'KB-0006', 2000000, 2290000, 2, 4580000),
(19, 'FK-260717-000010', 'KB-0006', 2000000, 2290000, 2, 4580000),
(20, 'FK-260717-000010', 'KB-0020', 1700000, 2000000, 2, 4000000),
(21, 'FK-260717-000010', 'KB-0005', 1500000, 1700000, 3, 5100000),
(22, 'FK-260717-000011', 'KB-0025', 500000, 5500000, 1, 5500000),
(23, 'FK-260717-000012', 'KB-0007', 130000, 159000, 1, 159000),
(24, 'FK-260717-000012', 'KB-0008', 290000, 400000, 1, 400000),
(25, 'FK-260717-000013', 'KB-0008', 290000, 400000, 1, 400000),
(26, 'FK-260717-000014', 'KB-0002', 4000000, 4330000, 1, 4330000),
(27, 'FK-260717-000014', 'KB-0003', 3720000, 4000000, 1, 4000000),
(28, 'FK-260717-000015', 'KB-0013', 5600000, 6000000, 1, 6000000),
(29, 'FK-260717-000015', 'KB-0014', 4599000, 4800000, 1, 4800000),
(30, 'FK-260717-000016', 'KB-0001', 4000000, 4400000, 1, 4400000),
(31, 'FK-260717-000016', 'KB-0018', 3000000, 3500000, 1, 3500000),
(32, 'FK-260717-000017', 'KB-0021', 400000, 450000, 1, 450000),
(33, 'FK-260717-000018', 'KB-0021', 400000, 450000, 5, 2250000),
(34, 'FK-260717-000019', 'KB-0012', 570000, 650000, 1, 650000),
(35, 'FK-260717-000019', 'KB-0021', 400000, 450000, 1, 450000),
(36, 'FK-260717-000020', 'KB-0012', 570000, 650000, 1, 650000),
(37, 'FK-260717-000021', 'KB-0024', 1400000, 1600000, 1, 1600000),
(38, 'FK-260717-000022', 'KB-0022', 2100000, 2300000, 1, 2300000),
(39, 'FK-260717-000023', 'KB-0023', 1500000, 1700000, 1, 1700000),
(40, 'FK-260717-000024', 'KB-0024', 1400000, 1600000, 5, 8000000),
(41, 'FK-260717-000024', 'KB-0022', 2100000, 2300000, 5, 11500000),
(42, 'FK-260717-000025', 'KB-0023', 1500000, 1700000, 5, 8500000),
(43, 'FK-260717-000025', 'KB-0022', 2100000, 2300000, 1, 2300000),
(44, 'FK-260717-000025', 'KB-0024', 1400000, 1600000, 1, 1600000),
(45, 'FK-260717-000026', 'KB-0023', 1500000, 1700000, 1, 1700000),
(46, 'FK-260717-000026', 'KB-0022', 2100000, 2300000, 1, 2300000),
(47, 'FK-260717-000027', 'KB-0024', 1400000, 1600000, 3, 4800000),
(48, 'FK-260717-000027', 'KB-0022', 2100000, 2300000, 2, 4600000),
(49, 'FK-260717-000027', 'KB-0023', 1500000, 1700000, 3, 5100000),
(50, 'FK-270717-000028', 'KB-0017', 80000, 90000, 1, 90000),
(51, 'FK-270717-000028', 'KB-0001', 4000000, 4400000, 1, 4400000),
(52, 'FK-270717-000029', 'KB-0012', 570000, 650000, 1, 650000),
(53, 'FK-270717-000029', 'KB-0001', 4000000, 4400000, 1, 4400000),
(54, 'FK-280717-000030', 'KB-0013', 5600000, 6000000, 1, 6000000),
(55, 'FK-280717-000030', 'KB-0024', 1400000, 1600000, 1, 1600000),
(56, 'FK-280717-000030', 'KB-0023', 1500000, 1700000, 1, 1700000),
(57, 'FK-280717-000031', 'KB-0013', 5600000, 6000000, 1, 6000000),
(58, 'FK-280717-000031', 'KB-0010', 1800000, 1980000, 1, 1980000),
(59, 'FK-290717-000032', 'KB-0017', 80000, 90000, 1, 90000),
(60, 'FK-290717-000032', 'KB-0013', 5600000, 6000000, 1, 6000000),
(62, 'FK-290717-000033', 'KB-0013', 5600000, 6000000, 1, 6000000),
(63, 'FK-290717-000033', 'KB-0012', 570000, 650000, 1, 650000),
(64, 'FK-290717-000033', 'KB-0010', 1800000, 1980000, 1, 1980000),
(71, 'FK-290717-000034', 'KB-0024', 1400000, 1600000, 1, 1600000),
(73, 'FK-290717-000034', 'KB-0010', 1800000, 1980000, 1, 1980000),
(74, 'FK-290717-000035', '8992761145033', 3000000, 3500000, 2, 7000000),
(75, 'FK-300717-000036', '4711036014003', 23000, 28000, 1, 28000),
(76, 'FK-300717-000036', 'KB-0001', 4000000, 4400000, 1, 4400000),
(77, 'FK-300717-000037', '8992761145033', 3000000, 3500000, 1, 3500000),
(78, 'FK-300717-000037', '4711036014003', 23000, 28000, 1, 28000),
(79, 'FK-300717-000038', '4711036014003', 23000, 28000, 3, 84000),
(80, 'FK-300717-000039', 'KB-0014', 4599000, 4800000, 1, 4800000),
(81, 'FK-300717-000039', 'KB-0022', 2100000, 2300000, 1, 2300000),
(82, 'FK-310717-000040', '8992802240093', 3000000, 3500000, 1, 3500000),
(83, 'FK-310717-000040', 'KB-0023', 1500000, 1700000, 1, 1700000),
(84, 'FK-310717-000040', 'KB-0021', 400000, 450000, 1, 450000),
(85, 'FK-310717-000041', 'KB-0013', 5600000, 5900000, 1, 5900000),
(86, 'FK-310717-000042', 'KB-0021', 400000, 450000, 1, 450000),
(87, 'FK-310717-000042', 'KB-0022', 2100000, 2300000, 1, 2300000),
(88, 'FK-010817-000043', 'KB-0013', 5600000, 5900000, 1, 5900000),
(89, 'FK-010817-000043', 'KB-0014', 4599000, 4800000, 1, 4800000),
(90, 'FK-010817-000044', 'KB-0013', 5600000, 5900000, 1, 5900000),
(91, 'FK-010817-000044', 'KB-0014', 4599000, 4800000, 1, 4800000),
(92, 'FK-020817-000045', 'KB-0013', 5600000, 5900000, 1, 5900000),
(93, 'FK-020817-000045', 'KB-0001', 4000000, 4400000, 1, 4400000),
(94, 'FK-020817-000045', 'KB-0004', 4000000, 4390000, 1, 4390000),
(95, 'FK-030817-000046', 'KB-0013', 5600000, 5900000, 1, 5900000),
(96, 'FK-030817-000046', 'KB-0004', 4000000, 4390000, 1, 4390000),
(97, 'FK-030817-000047', 'KB-0003', 3720000, 4000000, 1, 4000000),
(98, 'FK-030817-000047', 'KB-0016', 4700000, 4900000, 1, 4900000),
(99, 'FK-040817-000048', 'KB-0012', 570000, 650000, 5, 3250000),
(100, 'FK-040817-000049', 'KB-0013', 5600000, 5900000, 1, 5900000),
(101, 'FK-040817-000049', 'KB-0010', 1800000, 1980000, 2, 3960000),
(102, 'FK-040817-000049', 'KB-0025', 500000, 5500000, 3, 16500000),
(103, 'FK-040817-000050', 'KB-0024', 1400000, 1600000, 1, 1600000),
(104, 'FK-040817-000050', 'KB-0022', 2100000, 2300000, 1, 2300000),
(105, 'FK-040817-000050', 'KB-0023', 1500000, 1700000, 1, 1700000),
(106, 'FK-040817-000050', 'KB-0026', 1500000, 1700000, 1, 1700000),
(107, 'FK-040817-000051', 'KB-0024', 1400000, 1600000, 1, 1600000),
(108, 'FK-040817-000051', 'KB-0023', 1500000, 1700000, 1, 1700000),
(109, 'FK-040817-000051', 'KB-0026', 1500000, 1700000, 1, 1700000),
(110, 'FK-040817-000052', 'KB-0024', 1400000, 1600000, 1, 1600000),
(111, 'FK-040817-000052', 'KB-0026', 1500000, 1700000, 1, 1700000),
(112, 'FK-040817-000052', 'KB-0022', 2100000, 2300000, 1, 2300000),
(113, 'FK-040817-000052', 'KB-0023', 1500000, 1700000, 1, 1700000),
(114, 'FK-040817-000053', '4970129727019', 3400000, 4000000, 3, 12000000),
(115, 'FK-070817-000054', 'KB-0019', 2000000, 2300000, 1, 2300000),
(116, 'FK-070817-000054', '9090345654674', 500000, 550000, 1, 550000),
(117, 'FK-070817-000054', 'KB-0021', 400000, 450000, 1, 450000),
(118, 'FK-070817-000055', 'KB-0019', 2000000, 2300000, 1, 2300000),
(119, 'FK-070817-000055', '9090345654674', 500000, 550000, 1, 550000),
(120, 'FK-070817-000055', 'KB-0021', 400000, 450000, 1, 450000),
(121, 'FK-070817-000056', 'KB-0019', 2000000, 2300000, 2, 4600000),
(122, 'FK-070817-000056', '9090345654674', 500000, 550000, 1, 550000),
(123, 'FK-070817-000056', 'KB-0021', 400000, 450000, 1, 450000),
(124, 'FK-070817-000057', 'KB-0022', 2100000, 2300000, 1, 2300000),
(125, 'FK-070817-000058', 'KB-0023', 1500000, 1700000, 1, 1700000),
(126, 'FK-070817-000058', 'KB-0022', 2100000, 2300000, 1, 2300000),
(127, 'FK-070817-000058', 'KB-0023', 1500000, 1700000, 1, 1700000),
(128, 'FK-080817-000059', '8806085684324', 4500000, 5000000, 1, 5000000),
(129, 'FK-080817-000059', 'KB-0022', 2100000, 2300000, 1, 2300000),
(130, 'FK-080817-000060', 'KB-0001', 4000000, 4400000, 1, 4400000),
(131, 'FK-110817-000061', '4970129727019', 3400000, 4000000, 2, 8000000),
(132, 'FK-110817-000061', '8806085684324', 4500000, 5000000, 2, 10000000),
(133, 'FK-110817-000061', '9090345654674', 500000, 550000, 3, 1650000),
(134, 'FK-140817-000062', 'KB-0022', 2100000, 2300000, 1, 2300000);

-- --------------------------------------------------------

--
-- Table structure for table `tb_detail_retur_pembelian`
--

CREATE TABLE IF NOT EXISTS `tb_detail_retur_pembelian` (
  `NO_TRANS_RETUR_PEMBELIAN` int(11) NOT NULL AUTO_INCREMENT,
  `NO_RETUR_PEMBELIAN` char(14) NOT NULL,
  `ID_BARANG` char(13) NOT NULL,
  `JUMLAH_BARANG` int(4) NOT NULL,
  `SUBTOTAL` double NOT NULL,
  PRIMARY KEY (`NO_TRANS_RETUR_PEMBELIAN`,`NO_RETUR_PEMBELIAN`,`ID_BARANG`),
  KEY `ID_BARANG` (`ID_BARANG`),
  KEY `NO_RETUR_PEMBELIAN` (`NO_RETUR_PEMBELIAN`)
) ENGINE=InnoDB  DEFAULT CHARSET=latin1 AUTO_INCREMENT=16 ;

--
-- Dumping data for table `tb_detail_retur_pembelian`
--

INSERT INTO `tb_detail_retur_pembelian` (`NO_TRANS_RETUR_PEMBELIAN`, `NO_RETUR_PEMBELIAN`, `ID_BARANG`, `JUMLAH_BARANG`, `SUBTOTAL`) VALUES
(1, 'RE-260717-0001', 'KB-0014', 2, 9198000),
(2, 'RE-260717-0002', 'KB-0003', 2, 7440000),
(3, 'RE-260717-0003', 'KB-0024', 4, 5600000),
(4, 'RE-260717-0004', 'KB-0013', 2, 11200000),
(5, 'RE-260717-0005', 'KB-0023', 2, 3000000),
(6, 'RE-300717-0006', 'KB-0007', 2, 260000),
(7, 'RE-310717-0007', '8992802240093', 1, 3000000),
(8, 'RE-310717-0007', 'KB-0024', 2, 2800000),
(9, 'RE-310717-0008', 'KB-0013', 2, 11200000),
(10, 'RE-310717-0008', 'KB-0021', 1, 400000),
(11, 'RE-040817-0009', '4711036014003', 2, 46000),
(12, 'RE-040817-0009', 'KB-0007', 1, 130000),
(13, 'RE-040817-0010', '4970129727019', 5, 17000000),
(14, 'RE-070817-0011', 'KB-0022', 2, 4200000),
(15, 'RE-080817-0012', '8806085684324', 5, 22500000);

-- --------------------------------------------------------

--
-- Table structure for table `tb_detail_retur_penjualan`
--

CREATE TABLE IF NOT EXISTS `tb_detail_retur_penjualan` (
  `NO_TRANS_RETUR_PENJUALAN` int(11) NOT NULL AUTO_INCREMENT,
  `NO_RETUR_PENJUALAN` char(14) NOT NULL,
  `ID_BARANG` char(13) NOT NULL,
  `JUMLAH_BARANG` int(4) NOT NULL,
  `SUBTOTAL` double NOT NULL,
  PRIMARY KEY (`NO_TRANS_RETUR_PENJUALAN`,`NO_RETUR_PENJUALAN`,`ID_BARANG`),
  KEY `ID_BARANG` (`ID_BARANG`),
  KEY `NO_RETUR_PENJUALAN` (`NO_RETUR_PENJUALAN`)
) ENGINE=InnoDB  DEFAULT CHARSET=latin1 AUTO_INCREMENT=10 ;

--
-- Dumping data for table `tb_detail_retur_penjualan`
--

INSERT INTO `tb_detail_retur_penjualan` (`NO_TRANS_RETUR_PENJUALAN`, `NO_RETUR_PENJUALAN`, `ID_BARANG`, `JUMLAH_BARANG`, `SUBTOTAL`) VALUES
(1, 'RE-260717-0001', 'KB-0005', 1, 1700000),
(2, 'RE-260717-0002', 'KB-0013', 1, 6000000),
(3, 'RE-260717-0003', 'KB-0005', 3, 5100000),
(4, 'RE-310717-0004', '8992802240093', 1, 3500000),
(5, 'RE-310717-0005', 'KB-0021', 1, 450000),
(6, 'RE-310717-0006', 'KB-0008', 1, 400000),
(7, 'RE-040817-0007', 'KB-0025', 1, 5500000),
(8, 'RE-070817-0008', 'KB-0021', 1, 450000),
(9, 'RE-120817-0009', '4970129727019', 1, 4000000);

-- --------------------------------------------------------

--
-- Table structure for table `tb_distributor`
--

CREATE TABLE IF NOT EXISTS `tb_distributor` (
  `ID_DISTRIBUTOR` char(8) NOT NULL,
  `NAMA_DISTRIBUTOR` varchar(40) NOT NULL,
  `NAMA_MANAGER` varchar(40) NOT NULL,
  `NO_TELP` char(13) NOT NULL,
  `ALAMAT` text NOT NULL,
  PRIMARY KEY (`ID_DISTRIBUTOR`)
) ENGINE=InnoDB DEFAULT CHARSET=latin1;

--
-- Dumping data for table `tb_distributor`
--

INSERT INTO `tb_distributor` (`ID_DISTRIBUTOR`, `NAMA_DISTRIBUTOR`, `NAMA_MANAGER`, `NO_TELP`, `ALAMAT`) VALUES
('DIS-0001', 'PT PATRISKA', 'RIDWAN NUGROHO', '087845678111', 'PEKALONGAN'),
('DIS-0002', 'SENTOSA KOMPUTER', 'ALI ASSAD', '085789890222', 'BATANG'),
('DIS-0003', 'SHEL COMP', 'HASANUDIN', '087775641234', 'BATANG'),
('DIS-0004', 'PT COMPUTNDO', 'IHSAN SAPUTRA', '087865664532', 'PEKALONGAN'),
('DIS-0005', 'CV AERO COMPUTER', 'MUHAMMAD SHOLEH', '085699008787', 'PEKALONGAN'),
('DIS-0006', 'PT OEMAH CODINGER', 'ANOM SEJOGATI', '098887776665', 'KAJEN'),
('DIS-0007', 'FLASH COM PEKALONGAN', 'INDRA CAHAYA', '088777334545', 'PEKALONGAN'),
('DIS-0008', 'TOKO INTERNET', 'ADI SAPUTRA', '085234345789', 'PEKALONGAN'),
('DIS-0009', 'SONIC MASTER', 'KOKO HUYO M', '085745456465', 'TEGAL'),
('DIS-0010', 'PT TECHNO COMP', 'EMIR LABIB', '098777878566', 'KAJEN');

-- --------------------------------------------------------

--
-- Table structure for table `tb_kategori`
--

CREATE TABLE IF NOT EXISTS `tb_kategori` (
  `ID_KATEGORI` char(5) NOT NULL,
  `NAMA_KATEGORI` varchar(20) NOT NULL,
  PRIMARY KEY (`ID_KATEGORI`)
) ENGINE=InnoDB DEFAULT CHARSET=latin1;

--
-- Dumping data for table `tb_kategori`
--

INSERT INTO `tb_kategori` (`ID_KATEGORI`, `NAMA_KATEGORI`) VALUES
('K0001', 'LAPTOP'),
('K0002', 'TELEVISI'),
('K0003', 'RADIO'),
('K0004', 'KIPAS ANGIN'),
('K0005', 'LEMARI ES'),
('K0006', 'MESIN CUCI'),
('K0007', 'PRINTER'),
('K0008', 'SPEAKER'),
('K0009', 'PROYEKTOR'),
('K0010', 'FLASDISK'),
('K0011', 'HP/ HANDPHONE');

-- --------------------------------------------------------

--
-- Table structure for table `tb_member`
--

CREATE TABLE IF NOT EXISTS `tb_member` (
  `ID_MEMBER` char(10) NOT NULL,
  `NAMA_MEMBER` varchar(40) NOT NULL DEFAULT 'Non Member',
  `JNS_KEL` enum('L','P') NOT NULL,
  `TGL_DAFTAR` date NOT NULL,
  `NO_TELP` char(13) NOT NULL,
  `ALAMAT` text NOT NULL,
  PRIMARY KEY (`ID_MEMBER`)
) ENGINE=InnoDB DEFAULT CHARSET=latin1;

--
-- Dumping data for table `tb_member`
--

INSERT INTO `tb_member` (`ID_MEMBER`, `NAMA_MEMBER`, `JNS_KEL`, `TGL_DAFTAR`, `NO_TELP`, `ALAMAT`) VALUES
('', '', '', '2017-05-01', '', ''),
('0106170014', 'ABDUL WAHID', 'L', '2017-06-01', '087814748364', 'KANDANGSERANG\n'),
('0608170019', 'NILAM MUNANA', 'P', '2017-08-06', '087765654545', 'WONOPRINGGO'),
('0708170019', 'ABDUL MUIS', 'L', '2017-08-07', '087765432110', 'KANDANSERANG'),
('0905170009', 'WASIS BUDIARTO', 'L', '2017-05-09', '085665657878', 'KANDANGSERANG'),
('1203170008', 'YOPI ISNANDRIYANI', 'P', '2017-03-12', '085219192701', 'KANDANGSERANG'),
('1408170020', 'USWATUN KHASANAH', 'P', '2017-08-14', '089777778866', 'SANGKANJOYO'),
('1802170001', 'HERU NUR ALIMIN', 'L', '2017-02-18', '087845671780', 'KANDANSERANG'),
('1802170002', 'SULISTYOWATI', 'P', '2017-02-18', '082366789087', 'KAJEN'),
('1802170003', 'EMIR LABIB', 'L', '2017-02-18', '085641415678', 'GANDARUM'),
('1802170004', 'ANDI NOVIYANTO', 'L', '2017-02-18', '085678900987', 'PEKIRINGAN ALIT'),
('1802170005', 'DEWI NURUL KHSANAH', 'P', '2017-02-18', '085714748647', 'KAJEN'),
('2107170015', 'FARID SAPUTRA', 'L', '2017-07-21', '087890908877', 'WONOPRINGGO'),
('2107170016', 'RIDWAN NUGROHO', 'L', '2017-07-21', '087877665489', 'KESESI'),
('2107170017', 'EPEN ARIANA S', 'L', '2017-07-21', '082123456789', 'KANDANGSERANG'),
('2107170018', 'RITA OKTAVIANI', 'P', '2017-07-21', '087867546788', 'KAJEN'),
('2305170013', 'AVI HORIEDA', 'P', '2017-05-23', '089778786565', 'KANDANGSERANG'),
('2402170006', 'NITA FERAWATI', 'P', '2017-02-24', '085866661515', 'KAJEN'),
('2602170007', 'DIAN FITRI UTAMI', 'P', '2017-02-26', '085644445555', 'KANDANGSERANG');

-- --------------------------------------------------------

--
-- Table structure for table `tb_pembelian`
--

CREATE TABLE IF NOT EXISTS `tb_pembelian` (
  `NO_FAKTUR_PEMBELIAN` char(14) NOT NULL,
  `ID_DISTRIBUTOR` char(8) NOT NULL,
  `ID_USER` char(5) NOT NULL,
  `NO_INVOICE` char(20) NOT NULL,
  `TGL_TRANSAKSI` date NOT NULL,
  `TOTAL` double NOT NULL,
  `DISKON` double NOT NULL,
  PRIMARY KEY (`NO_FAKTUR_PEMBELIAN`,`ID_DISTRIBUTOR`,`ID_USER`),
  KEY `ID_USER` (`ID_USER`),
  KEY `ID_DISTRIBUTOR` (`ID_DISTRIBUTOR`)
) ENGINE=InnoDB DEFAULT CHARSET=latin1;

--
-- Dumping data for table `tb_pembelian`
--

INSERT INTO `tb_pembelian` (`NO_FAKTUR_PEMBELIAN`, `ID_DISTRIBUTOR`, `ID_USER`, `NO_INVOICE`, `TGL_TRANSAKSI`, `TOTAL`, `DISKON`) VALUES
('FK-040817-0033', 'DIS-0005', 'ID001', 'AC000015', '2017-08-04', 23854000, 0),
('FK-040817-0034', 'DIS-0009', 'ID001', 'SC00014', '2017-08-04', 12500000, 0),
('FK-040817-0035', 'DIS-0005', 'ID001', 'AC0020', '2017-08-04', 34000000, 0),
('FK-070817-0036', 'DIS-0005', 'ID001', 'AC00030', '2017-08-07', 25500000, 2500000),
('FK-070817-0037', 'DIS-0005', 'ID001', 'AC00031', '2017-08-07', 57598000, 5000000),
('FK-080817-0038', 'DIS-0005', 'ID001', 'AC00200', '2017-08-08', 45000000, 0),
('FK-120817-0039', 'DIS-0005', 'ID001', '', '2017-08-12', 33500000, 0),
('FK-260717-0001', 'DIS-0005', 'ID001', 'AC000001', '2017-07-26', 50995000, 0),
('FK-260717-0002', 'DIS-0005', 'ID001', 'AC000002', '2017-07-26', 30000000, 0),
('FK-260717-0003', 'DIS-0005', 'ID001', 'AC000003', '2017-07-26', 38600000, 0),
('FK-260717-0004', 'DIS-0005', 'ID001', 'AC000004', '2017-07-26', 43250000, 0),
('FK-260717-0005', 'DIS-0005', 'ID001', 'AC000005', '2017-07-26', 38500000, 0),
('FK-260717-0006', 'DIS-0005', 'ID001', 'AC000006', '2017-07-26', 80538000, 2500000),
('FK-260717-0007', 'DIS-0007', 'ID001', 'FC000001', '2017-07-26', 20800000, 0),
('FK-260717-0008', 'DIS-0007', 'ID001', 'FC000002', '2017-07-26', 7400000, 0),
('FK-260717-0009', 'DIS-0007', 'ID001', 'FC000003', '2017-07-26', 7500000, 0),
('FK-260717-0010', 'DIS-0007', 'ID001', 'FC000004', '2017-07-26', 16300000, 1000000),
('FK-260717-0011', 'DIS-0004', 'ID001', 'INDO000001', '2017-07-26', 1000000, 0),
('FK-260717-0012', 'DIS-0004', 'ID001', 'INDO000002', '2017-07-26', 2000000, 0),
('FK-260717-0013', 'DIS-0004', 'ID001', 'INDO000003', '2017-07-26', 2000000, 0),
('FK-260717-0014', 'DIS-0004', 'ID001', 'INDO000004', '2017-07-26', 2500000, 100000),
('FK-260717-0015', 'DIS-0006', 'ID001', 'OC000001', '2017-07-26', 2850000, 0),
('FK-260717-0016', 'DIS-0006', 'ID001', 'OC000002', '2017-07-26', 2000000, 0),
('FK-260717-0017', 'DIS-0006', 'ID001', 'OC000003', '2017-07-26', 4850000, 500000),
('FK-260717-0018', 'DIS-0001', 'ID001', 'PP000001', '2017-07-26', 1680000, 0),
('FK-260717-0019', 'DIS-0001', 'ID001', 'PP000002', '2017-07-26', 420000, 0),
('FK-260717-0020', 'DIS-0001', 'ID001', 'PP000003', '2017-07-26', 2100000, 100000),
('FK-260717-0021', 'DIS-0003', 'ID001', 'SS000001', '2017-07-26', 25000000, 0),
('FK-260717-0022', 'DIS-0003', 'ID001', 'SS000002', '2017-07-26', 10000000, 0),
('FK-260717-0023', 'DIS-0003', 'ID001', 'SS000003', '2017-07-26', 50000000, 2500000),
('FK-260717-0024', 'DIS-0009', 'ID001', 'MS000001', '2017-07-26', 1600000, 0),
('FK-260717-0025', 'DIS-0008', 'ID001', 'TI000001', '2017-07-26', 16500000, 0),
('FK-260717-0026', 'DIS-0005', 'ID001', 'AC000007', '2017-07-26', 141990000, 5000000),
('FK-260717-0027', 'DIS-0005', 'ID001', 'AC000008', '2017-07-26', 69210000, 2500000),
('FK-290717-0028', 'DIS-0005', 'ID001', 'AC000009', '2017-07-29', 9306390000, 10000000),
('FK-300717-0029', 'DIS-0005', 'ID001', 'TI000002', '2017-07-30', 230000, 0),
('FK-300717-0030', 'DIS-0001', 'ID001', 'PP0000010', '2017-07-30', 5000000, 0),
('FK-310717-0031', 'DIS-0007', 'ID001', 'FC0000011', '2017-07-31', 44000000, 2000000),
('FK-310717-0032', 'DIS-0001', 'ID001', 'PP000024', '2017-07-31', 95000000, 5000000);

-- --------------------------------------------------------

--
-- Table structure for table `tb_penjualan`
--

CREATE TABLE IF NOT EXISTS `tb_penjualan` (
  `NO_FAKTUR_PENJUALAN` char(16) NOT NULL,
  `ID_MEMBER` char(10) NOT NULL,
  `ID_USER` char(5) NOT NULL,
  `TGL_TRANSAKSI` date NOT NULL,
  `TOTAL` double NOT NULL,
  `DISKON` double NOT NULL,
  `JUMLAH_BAYAR` double NOT NULL,
  `KEMBALIAN` double NOT NULL,
  PRIMARY KEY (`NO_FAKTUR_PENJUALAN`,`ID_MEMBER`,`ID_USER`),
  KEY `ID_USER` (`ID_USER`),
  KEY `ID_MEMBER` (`ID_MEMBER`)
) ENGINE=InnoDB DEFAULT CHARSET=latin1;

--
-- Dumping data for table `tb_penjualan`
--

INSERT INTO `tb_penjualan` (`NO_FAKTUR_PENJUALAN`, `ID_MEMBER`, `ID_USER`, `TGL_TRANSAKSI`, `TOTAL`, `DISKON`, `JUMLAH_BAYAR`, `KEMBALIAN`) VALUES
('FK-010817-000043', '1802170004', 'ID001', '2017-08-01', 10700000, 107000, 10600000, 7000),
('FK-010817-000044', '', 'ID001', '2017-08-01', 10700000, 0, 10800000, 100000),
('FK-020817-000045', '1802170005', 'ID001', '2017-08-02', 14690000, 734500, 14000000, 44500),
('FK-030817-000046', '1203170008', 'ID001', '2017-08-03', 10290000, 308700, 10000000, 18700),
('FK-030817-000047', '2107170018', 'ID001', '2017-08-03', 8900000, 178000, 8800000, 78000),
('FK-040817-000048', '2107170017', 'ID001', '2017-08-04', 3250000, 0, 3250000, 0),
('FK-040817-000049', '2107170015', 'ID001', '2017-08-04', 26360000, 1318000, 25100000, 58000),
('FK-040817-000050', '1802170005', 'ID001', '2017-08-04', 7300000, 146000, 7200000, 46000),
('FK-040817-000051', '2602170007', 'ID001', '2017-08-04', 5000000, 0, 5000000, 0),
('FK-040817-000052', '1802170005', 'ID001', '2017-08-04', 7300000, 365000, 7000000, 65000),
('FK-040817-000053', '2602170007', 'ID001', '2017-08-04', 12000000, 240000, 12000000, 240000),
('FK-070817-000054', '1802170005', 'ID001', '2017-08-07', 3300000, 165000, 3200000, 65000),
('FK-070817-000055', '', 'ID001', '2017-08-07', 3300000, 0, 3300000, 0),
('FK-070817-000056', '2305170013', 'ID001', '2017-08-07', 5600000, 280000, 5400000, 80000),
('FK-070817-000057', '', 'ID001', '2017-08-07', 2300000, 0, 2300000, 0),
('FK-070817-000058', '2107170017', 'ID001', '2017-08-07', 5700000, 171000, 5600000, 71000),
('FK-080817-000059', '0608170019', 'ID001', '2017-08-08', 7300000, 365000, 8000000, 1065000),
('FK-080817-000060', '0106170014', 'ID001', '2017-08-08', 4400000, 0, 4400000, 0),
('FK-110817-000061', '0608170019', 'ID001', '2017-08-11', 19650000, 1965000, 18000000, 315000),
('FK-140817-000062', '1802170005', 'ID001', '2017-08-14', 2300000, 0, 2300000, 0),
('FK-260717-000001', '0106170014', 'ID003', '2017-07-26', 6000000, 0, 6000000, 0),
('FK-260717-000002', '1802170004', 'ID003', '2017-07-26', 4800000, 0, 4800000, 0),
('FK-260717-000003', '', 'ID003', '2017-07-26', 4400000, 0, 4400000, 0),
('FK-260717-000004', '1802170005', 'ID003', '2017-07-26', 15200000, 152000, 15100000, 52000),
('FK-260717-000005', '2602170007', 'ID003', '2017-07-26', 2950000, 0, 3000000, 50000),
('FK-260717-000006', '', 'ID003', '2017-07-26', 559000, 0, 600000, 41000),
('FK-260717-000007', '1802170003', 'ID003', '2017-07-26', 559000, 0, 600000, 41000),
('FK-260717-000008', '2107170015', 'ID003', '2017-07-26', 5990000, 0, 6000000, 10000),
('FK-260717-000009', '2402170006', 'ID003', '2017-07-26', 10280000, 102800, 11200000, 1022800),
('FK-260717-000010', '2107170016', 'ID003', '2017-07-26', 13680000, 136800, 14000000, 456800),
('FK-260717-000011', '2107170016', 'ID003', '2017-07-26', 5500000, 0, 5500000, 0),
('FK-260717-000012', '2107170018', 'ID003', '2017-07-26', 559000, 0, 600000, 41000),
('FK-260717-000013', '', 'ID003', '2017-07-26', 400000, 0, 400000, 0),
('FK-260717-000014', '1203170008', 'ID003', '2017-07-26', 8330000, 83300, 8500000, 253300),
('FK-260717-000015', '0905170009', 'ID003', '2017-07-26', 10800000, 108000, 10700000, 8000),
('FK-260717-000016', '', 'ID003', '2017-07-26', 7900000, 0, 8000000, 100000),
('FK-260717-000017', '1802170002', 'ID003', '2017-07-26', 450000, 0, 450000, 0),
('FK-260717-000018', '', 'ID003', '2017-07-26', 2250000, 45000, 2300000, 95000),
('FK-260717-000019', '0106170014', 'ID003', '2017-07-26', 1100000, 22000, 1080000, 2000),
('FK-260717-000020', '', 'ID003', '2017-07-26', 650000, 0, 650000, 0),
('FK-260717-000021', '', 'ID003', '2017-07-26', 1600000, 0, 1600000, 0),
('FK-260717-000022', '', 'ID003', '2017-07-26', 2300000, 0, 2300000, 0),
('FK-260717-000023', '', 'ID003', '2017-07-26', 1700000, 0, 1700000, 0),
('FK-260717-000024', '1802170005', 'ID003', '2017-07-26', 19500000, 585000, 19000000, 85000),
('FK-260717-000025', '1802170005', 'ID003', '2017-07-26', 12400000, 248000, 12200000, 48000),
('FK-260717-000026', '2107170017', 'ID003', '2017-07-26', 4000000, 40000, 4000000, 40000),
('FK-260717-000027', '2305170013', 'ID003', '2017-07-26', 14500000, 290000, 14500000, 290000),
('FK-270717-000028', '2602170007', 'ID001', '2017-07-27', 4490000, 44900, 4500000, 54900),
('FK-270717-000029', '1203170008', 'ID001', '2017-07-27', 5050000, 101000, 5000000, 51000),
('FK-280717-000030', '1802170005', 'ID001', '2017-07-28', 9300000, 0, 9300000, 0),
('FK-280717-000031', '', 'ID001', '2017-07-28', 7980000, 0, 7990000, 10000),
('FK-290717-000032', '1802170004', 'ID001', '2017-07-29', 6090000, 121800, 9000000, 3031800),
('FK-290717-000033', '2402170006', 'ID001', '2017-07-29', 8630000, 86300, 8600000, 56300),
('FK-290717-000034', '2107170015', 'ID001', '2017-07-29', 3580000, 0, 3580000, 0),
('FK-290717-000035', '2602170007', 'ID001', '2017-07-29', 7000000, 70000, 7000000, 70000),
('FK-300717-000036', '1802170002', 'ID001', '2017-07-30', 4428000, 0, 4500000, 72000),
('FK-300717-000037', '', 'ID001', '2017-07-30', 3528000, 0, 3528000, 0),
('FK-300717-000038', '2602170007', 'ID001', '2017-07-30', 84000, 0, 100000, 16000),
('FK-300717-000039', '1802170001', 'ID001', '2017-07-30', 7100000, 0, 7100000, 0),
('FK-310717-000040', '2402170006', 'ID001', '2017-07-31', 5650000, 113000, 5600000, 63000),
('FK-310717-000041', '0106170014', 'ID001', '2017-07-31', 5900000, 0, 5900000, 0),
('FK-310717-000042', '1802170001', 'ID001', '2017-07-31', 2750000, 27500, 2750000, 27500);

-- --------------------------------------------------------

--
-- Table structure for table `tb_retur_pembelian`
--

CREATE TABLE IF NOT EXISTS `tb_retur_pembelian` (
  `NO_RETUR_PEMBELIAN` char(14) NOT NULL,
  `NO_FAKTUR_PEMBELIAN` char(14) NOT NULL,
  `ID_USER` char(5) NOT NULL,
  `TGL_RETUR` date NOT NULL,
  `JUMLAH_RETUR` int(5) NOT NULL,
  `TOTAL` double NOT NULL,
  `STATUS_RETUR` int(1) NOT NULL,
  PRIMARY KEY (`NO_RETUR_PEMBELIAN`,`NO_FAKTUR_PEMBELIAN`,`ID_USER`),
  KEY `ID_USER` (`ID_USER`),
  KEY `NO_FAKTUR_PEMBELIAN` (`NO_FAKTUR_PEMBELIAN`)
) ENGINE=InnoDB DEFAULT CHARSET=latin1;

--
-- Dumping data for table `tb_retur_pembelian`
--

INSERT INTO `tb_retur_pembelian` (`NO_RETUR_PEMBELIAN`, `NO_FAKTUR_PEMBELIAN`, `ID_USER`, `TGL_RETUR`, `JUMLAH_RETUR`, `TOTAL`, `STATUS_RETUR`) VALUES
('RE-040817-0009', 'FK-040817-0033', 'ID001', '2017-08-04', 3, 176000, 1),
('RE-040817-0010', 'FK-040817-0035', 'ID001', '2017-08-04', 5, 17000000, 3),
('RE-070817-0011', 'FK-070817-0037', 'ID001', '2017-08-07', 2, 4200000, 1),
('RE-080817-0012', 'FK-080817-0038', 'ID001', '2017-08-08', 5, 22500000, 2),
('RE-260717-0001', 'FK-260717-0001', 'ID003', '2017-07-26', 2, 9198000, 1),
('RE-260717-0002', 'FK-260717-0003', 'ID003', '2017-07-26', 2, 7440000, 1),
('RE-260717-0003', 'FK-260717-0023', 'ID003', '2017-07-26', 4, 5600000, 2),
('RE-260717-0004', 'FK-260717-0026', 'ID003', '2017-07-26', 2, 11200000, 2),
('RE-260717-0005', 'FK-260717-0021', 'ID003', '2017-07-26', 2, 3000000, 1),
('RE-300717-0006', 'FK-260717-0020', 'ID001', '2017-07-30', 2, 260000, 1),
('RE-310717-0007', 'FK-310717-0031', 'ID001', '2017-07-31', 3, 5800000, 1),
('RE-310717-0008', 'FK-310717-0032', 'ID001', '2017-07-31', 3, 11600000, 1);

-- --------------------------------------------------------

--
-- Table structure for table `tb_retur_penjualan`
--

CREATE TABLE IF NOT EXISTS `tb_retur_penjualan` (
  `NO_RETUR_PENJUALAN` char(14) NOT NULL,
  `NO_FAKTUR_PENJUALAN` char(16) NOT NULL,
  `ID_USER` char(5) NOT NULL,
  `TGL_RETUR` date NOT NULL,
  `JUMLAH_RETUR` int(5) NOT NULL,
  `TOTAL` double NOT NULL,
  `STATUS_RETUR` int(1) NOT NULL,
  PRIMARY KEY (`NO_RETUR_PENJUALAN`,`NO_FAKTUR_PENJUALAN`,`ID_USER`),
  KEY `ID_USER` (`ID_USER`),
  KEY `NO_FAKTUR_PENJUALAN` (`NO_FAKTUR_PENJUALAN`)
) ENGINE=InnoDB DEFAULT CHARSET=latin1;

--
-- Dumping data for table `tb_retur_penjualan`
--

INSERT INTO `tb_retur_penjualan` (`NO_RETUR_PENJUALAN`, `NO_FAKTUR_PENJUALAN`, `ID_USER`, `TGL_RETUR`, `JUMLAH_RETUR`, `TOTAL`, `STATUS_RETUR`) VALUES
('RE-040817-0007', 'FK-040817-000049', 'ID001', '2017-08-04', 1, 5500000, 1),
('RE-070817-0008', 'FK-070817-000054', 'ID001', '2017-08-07', 1, 450000, 1),
('RE-120817-0009', 'FK-110817-000061', 'ID001', '2017-08-12', 1, 4000000, 1),
('RE-260717-0001', 'FK-260717-000009', 'ID003', '2017-07-26', 1, 1700000, 1),
('RE-260717-0002', 'FK-260717-000004', 'ID003', '2017-07-26', 1, 6000000, 2),
('RE-260717-0003', 'FK-260717-000010', 'ID003', '2017-07-26', 3, 5100000, 4),
('RE-310717-0004', 'FK-310717-000040', 'ID001', '2017-07-31', 1, 3500000, 1),
('RE-310717-0005', 'FK-260717-000017', 'ID001', '2017-07-31', 1, 450000, 1),
('RE-310717-0006', 'FK-260717-000007', 'ID001', '2017-07-31', 1, 400000, 2);

-- --------------------------------------------------------

--
-- Table structure for table `tb_user`
--

CREATE TABLE IF NOT EXISTS `tb_user` (
  `ID_USER` char(5) NOT NULL,
  `NAMA_LENGKAP` varchar(40) NOT NULL,
  `JNS_KEL` enum('L','P') NOT NULL,
  `TGL_LAHIR` date NOT NULL,
  `ALAMAT` text NOT NULL,
  `NO_TELP` char(13) NOT NULL,
  `PASSWORD` varchar(40) NOT NULL,
  `HAK_AKSES` varchar(20) NOT NULL,
  PRIMARY KEY (`ID_USER`)
) ENGINE=InnoDB DEFAULT CHARSET=latin1;

--
-- Dumping data for table `tb_user`
--

INSERT INTO `tb_user` (`ID_USER`, `NAMA_LENGKAP`, `JNS_KEL`, `TGL_LAHIR`, `ALAMAT`, `NO_TELP`, `PASSWORD`, `HAK_AKSES`) VALUES
('ID001', 'EIGHT DARMOJO', 'L', '1980-02-18', 'PEKALONGAN', '087899887766', 'ADMIN12345', 'PEMILIK TOKO'),
('ID003', 'WAROHMAH', 'P', '1997-07-20', 'KANDANGSERANG', '085644556789', 'KASIR12345', 'KASIR'),
('ID004', 'NILAM MUNANA', 'P', '2017-08-04', 'WONOPRINO', '087765654848', 'NILAM12345', 'KASIR');

--
-- Constraints for dumped tables
--

--
-- Constraints for table `tb_barang`
--
ALTER TABLE `tb_barang`
  ADD CONSTRAINT `tb_barang_ibfk_1` FOREIGN KEY (`ID_KATEGORI`) REFERENCES `tb_kategori` (`ID_KATEGORI`);

--
-- Constraints for table `tb_detail_pembelian`
--
ALTER TABLE `tb_detail_pembelian`
  ADD CONSTRAINT `tb_detail_pembelian_ibfk_1` FOREIGN KEY (`ID_BARANG`) REFERENCES `tb_barang` (`ID_BARANG`),
  ADD CONSTRAINT `tb_detail_pembelian_ibfk_2` FOREIGN KEY (`NO_FAKTUR_PEMBELIAN`) REFERENCES `tb_pembelian` (`NO_FAKTUR_PEMBELIAN`);

--
-- Constraints for table `tb_detail_penjualan`
--
ALTER TABLE `tb_detail_penjualan`
  ADD CONSTRAINT `tb_detail_penjualan_ibfk_1` FOREIGN KEY (`ID_BARANG`) REFERENCES `tb_barang` (`ID_BARANG`),
  ADD CONSTRAINT `tb_detail_penjualan_ibfk_2` FOREIGN KEY (`NO_FAKTUR_PENJUALAN`) REFERENCES `tb_penjualan` (`NO_FAKTUR_PENJUALAN`);

--
-- Constraints for table `tb_detail_retur_pembelian`
--
ALTER TABLE `tb_detail_retur_pembelian`
  ADD CONSTRAINT `tb_detail_retur_pembelian_ibfk_1` FOREIGN KEY (`ID_BARANG`) REFERENCES `tb_barang` (`ID_BARANG`),
  ADD CONSTRAINT `tb_detail_retur_pembelian_ibfk_2` FOREIGN KEY (`NO_RETUR_PEMBELIAN`) REFERENCES `tb_retur_pembelian` (`NO_RETUR_PEMBELIAN`);

--
-- Constraints for table `tb_detail_retur_penjualan`
--
ALTER TABLE `tb_detail_retur_penjualan`
  ADD CONSTRAINT `tb_detail_retur_penjualan_ibfk_1` FOREIGN KEY (`ID_BARANG`) REFERENCES `tb_barang` (`ID_BARANG`),
  ADD CONSTRAINT `tb_detail_retur_penjualan_ibfk_2` FOREIGN KEY (`NO_RETUR_PENJUALAN`) REFERENCES `tb_retur_penjualan` (`NO_RETUR_PENJUALAN`);

--
-- Constraints for table `tb_pembelian`
--
ALTER TABLE `tb_pembelian`
  ADD CONSTRAINT `tb_pembelian_ibfk_1` FOREIGN KEY (`ID_USER`) REFERENCES `tb_user` (`ID_USER`),
  ADD CONSTRAINT `tb_pembelian_ibfk_2` FOREIGN KEY (`ID_DISTRIBUTOR`) REFERENCES `tb_distributor` (`ID_DISTRIBUTOR`);

--
-- Constraints for table `tb_penjualan`
--
ALTER TABLE `tb_penjualan`
  ADD CONSTRAINT `tb_penjualan_ibfk_1` FOREIGN KEY (`ID_USER`) REFERENCES `tb_user` (`ID_USER`),
  ADD CONSTRAINT `tb_penjualan_ibfk_2` FOREIGN KEY (`ID_MEMBER`) REFERENCES `tb_member` (`ID_MEMBER`);

--
-- Constraints for table `tb_retur_pembelian`
--
ALTER TABLE `tb_retur_pembelian`
  ADD CONSTRAINT `tb_retur_pembelian_ibfk_1` FOREIGN KEY (`ID_USER`) REFERENCES `tb_user` (`ID_USER`),
  ADD CONSTRAINT `tb_retur_pembelian_ibfk_2` FOREIGN KEY (`NO_FAKTUR_PEMBELIAN`) REFERENCES `tb_pembelian` (`NO_FAKTUR_PEMBELIAN`);

--
-- Constraints for table `tb_retur_penjualan`
--
ALTER TABLE `tb_retur_penjualan`
  ADD CONSTRAINT `tb_retur_penjualan_ibfk_1` FOREIGN KEY (`ID_USER`) REFERENCES `tb_user` (`ID_USER`),
  ADD CONSTRAINT `tb_retur_penjualan_ibfk_2` FOREIGN KEY (`NO_FAKTUR_PENJUALAN`) REFERENCES `tb_penjualan` (`NO_FAKTUR_PENJUALAN`);

/*!40101 SET CHARACTER_SET_CLIENT=@OLD_CHARACTER_SET_CLIENT */;
/*!40101 SET CHARACTER_SET_RESULTS=@OLD_CHARACTER_SET_RESULTS */;
/*!40101 SET COLLATION_CONNECTION=@OLD_COLLATION_CONNECTION */;
